friday,monday,fri_close,mon_open,gap,gap_pct,gap_direction,fills_in_4h,fills_in_24h,never_fills,mon_persistence_pct,continued,h1_mom_4bar_pct,h1_mom_sign,gap_sign
2021-12-10,2021-12-13,1782.71,1782.95,0.2400000000000091,0.013462649561622983,up,True,True,False,0.20752124288398693,True,0.15984744384305305,1.0,1.0
2021-12-17,2021-12-20,1797.84,1799.43,1.5900000000001455,0.08843946068616482,up,False,True,False,-0.49571253119043657,False,0.14060007891387727,1.0,1.0
2021-12-31,2022-01-03,1828.89,1828.98,0.08999999999991815,0.004921017666448947,up,True,True,False,-1.5336417019322222,False,-0.1552778051154169,-1.0,1.0
2022-01-07,2022-01-10,1796.7,1794.88,-1.8199999999999363,-0.10129682195135171,down,True,True,False,0.37885541094669023,False,-0.027299875200570423,-1.0,-1.0
2022-01-14,2022-01-17,1817.73,1819.35,1.6199999999998909,0.0891221468534871,up,True,True,False,-0.037375985929031595,False,-0.06595762222770807,-1.0,1.0
2022-01-21,2022-01-24,1834.38,1833.22,-1.1600000000000819,-0.06323662490869296,down,True,True,False,0.536760454282624,False,0.18437503409300948,1.0,-1.0
2022-01-28,2022-01-31,1791.67,1791.2,-0.4700000000000273,-0.026232509334867878,down,False,True,False,0.333296114336759,False,-0.14906208128628862,-1.0,-1.0
2022-02-04,2022-02-07,1808.15,1807.15,-1.0,-0.05530514614384868,down,True,True,False,0.735965470492209,False,0.13280579918655278,1.0,-1.0
2022-02-11,2022-02-14,1858.31,1861.96,3.650000000000091,0.19641502225140536,up,True,True,False,0.5386796708844429,True,-0.38561515822037595,-1.0,1.0
2022-02-18,2022-02-21,1897.31,1898.18,0.8700000000001182,0.04585439385235509,up,True,True,False,0.3050290278055803,True,-0.042672454667114224,-1.0,1.0
2022-02-25,2022-02-28,1888.86,1919.34,30.480000000000018,1.6136717385089432,up,False,False,True,-0.5210124313566122,False,-0.5173653443371062,-1.0,1.0
2022-03-04,2022-03-07,1962.07,1978.72,16.65000000000009,0.8485935771914402,up,False,True,False,0.9506145386916767,True,0.41542006953989574,1.0,1.0
2022-03-11,2022-03-14,1988.35,1984.57,-3.7799999999999727,-0.19010737546206516,down,True,True,False,-1.7243029976266915,True,-0.5240429916808065,-1.0,-1.0
2022-03-18,2022-03-21,1920.33,1921.66,1.3300000000001546,0.06925892945484134,up,True,True,False,0.7176087341152942,True,0.3346065380972707,1.0,1.0
2022-03-25,2022-03-28,1958.04,1955.62,-2.4200000000000728,-0.1235929807358416,down,True,True,False,-1.6971599799551973,True,-0.49140426054140596,-1.0,-1.0
2022-04-01,2022-04-04,1924.31,1924.38,0.07000000000016371,0.0036376675275898228,up,True,True,False,0.42715056277865077,True,-0.09041873226701691,-1.0,1.0
2022-04-08,2022-04-11,1947.51,1946.15,-1.3599999999999,-0.0698327608073848,down,True,True,False,0.41620635613903906,False,-0.09351797137939766,-1.0,-1.0
2022-04-22,2022-04-25,1931.11,1930.51,-0.599999999999909,-0.031070213504145756,down,True,True,False,-1.6876369456775633,True,-0.2626249022279037,-1.0,-1.0
2022-04-29,2022-05-02,1896.59,1897.0,0.41000000000008185,0.021617745532776293,up,True,True,False,-1.807063784923562,False,-0.3616236162361619,-1.0,1.0
2022-05-06,2022-05-09,1883.48,1882.85,-0.6300000000001091,-0.0334487225773626,down,True,True,False,-1.5455293836471258,True,-0.2379371697161181,-1.0,-1.0
2022-05-13,2022-05-16,1811.3,1809.82,-1.4800000000000182,-0.08170926958538167,down,True,True,False,0.8249439170746298,False,0.2596943342431768,1.0,-1.0
2022-05-20,2022-05-23,1846.4,1846.04,-0.36000000000012733,-0.019497400346627346,down,True,True,False,0.4073584537713149,False,0.15492622045025772,1.0,-1.0
2022-05-27,2022-05-30,1853.05,1852.4,-0.6499999999998636,-0.0350773049836682,down,True,True,False,0.1678903044698715,False,0.23105160872380903,1.0,-1.0
2022-06-03,2022-06-06,1850.89,1850.45,-0.44000000000005457,-0.023772347357220287,down,True,True,False,-0.45934772622875514,True,0.14374881785510496,1.0,-1.0
2022-06-10,2022-06-13,1871.37,1874.28,2.910000000000082,0.15550105003286802,up,True,True,False,-2.9333930896130793,False,-0.6178372495038054,-1.0,1.0
2022-06-17,2022-06-20,1840.1,1838.2,-1.8999999999998636,-0.10325525786641289,down,True,True,False,0.007072135785000639,False,-0.07779349363508103,-1.0,-1.0
2022-06-24,2022-06-27,1826.92,1838.23,11.309999999999945,0.6190747268626948,up,False,True,False,-0.847554440956786,False,-0.19420855932065217,-1.0,1.0
2022-07-01,2022-07-04,1809.23,1811.95,2.7200000000000273,0.15034019997457632,up,True,True,False,-0.2356577168244147,False,-0.21744529374431165,-1.0,1.0
2022-07-08,2022-07-11,1742.37,1742.78,0.41000000000008185,0.023531167318082948,up,True,True,False,-0.5181376880616012,False,-0.15607248189674072,-1.0,1.0
2022-07-15,2022-07-18,1707.35,1707.41,0.060000000000172804,0.003514217940092705,up,True,True,False,0.10366578619077911,True,0.4047065438295361,1.0,1.0
2022-07-22,2022-07-25,1727.41,1727.18,-0.2300000000000182,-0.013314731302934346,down,False,True,False,-0.4319179240148702,True,-0.15632418161396489,-1.0,-1.0
2022-07-29,2022-08-01,1766.18,1765.07,-1.1100000000001273,-0.06284750138718179,down,True,True,False,0.3880865914666351,False,-0.08951486343317105,-1.0,-1.0
2022-08-05,2022-08-08,1775.69,1773.71,-1.9800000000000182,-0.11150594979979715,down,False,True,False,0.8800762244109747,False,0.06878238268939185,1.0,-1.0
2022-08-12,2022-08-15,1801.99,1801.75,-0.2400000000000091,-0.013318608871303896,down,True,True,False,-1.2399056472873549,True,-0.24309698903843824,-1.0,-1.0
2022-08-19,2022-08-22,1747.35,1746.52,-0.8299999999999272,-0.04750050075828696,down,True,True,False,-0.6137919978013437,True,-0.025765522295773113,-1.0,-1.0
2022-08-26,2022-08-29,1737.99,1736.47,-1.5199999999999818,-0.08745735015736465,down,True,True,False,0.054132809665589074,False,-0.7307929304854133,-1.0,-1.0
2022-09-02,2022-09-05,1712.39,1712.27,-0.12000000000011823,-0.007007749402888256,down,True,True,False,-0.03504120261406841,True,-0.03562522265763146,-1.0,-1.0
2022-09-09,2022-09-12,1717.11,1717.25,0.14000000000010004,0.008153234213306082,up,True,True,False,0.42335128839714553,True,-0.041927500363958536,-1.0,1.0
2022-09-16,2022-09-19,1675.26,1675.01,-0.25,-0.014923056719553981,down,True,True,False,0.032238613500812745,False,-0.19820777189389904,-1.0,-1.0
2022-09-23,2022-09-26,1643.97,1645.5,1.5299999999999727,0.09306739174072354,up,True,True,False,-1.3752658766332488,False,-0.314797933758737,-1.0,1.0
2022-09-30,2022-10-03,1660.87,1660.57,-0.2999999999999545,-0.01806282249664059,down,True,True,False,2.360033000716625,False,0.496817357895174,1.0,-1.0
2022-10-07,2022-10-10,1694.89,1695.59,0.6999999999998181,0.04130061537915842,up,True,True,False,-1.6194952789294468,False,-0.0896443125991575,-1.0,1.0
2022-10-14,2022-10-17,1644.31,1643.94,-0.36999999999989086,-0.02250183967742645,down,True,True,False,0.40634086402179137,False,0.48481088117571236,1.0,-1.0
2022-10-21,2022-10-24,1657.82,1659.04,1.2200000000000273,0.07359061900568381,up,True,True,False,-0.5774423763140085,False,-0.32006461568135913,-1.0,1.0
2022-10-28,2022-10-31,1644.72,1643.36,-1.3600000000001273,-0.08268884673379828,down,True,True,False,-0.5951221886865917,True,-0.11622529451853492,-1.0,-1.0
2022-11-04,2022-11-07,1681.07,1674.95,-6.119999999999891,-0.3640538466571821,down,False,True,False,0.018508015164628522,False,-0.14925818681155167,-1.0,-1.0
2022-11-11,2022-11-14,1770.89,1764.97,-5.920000000000073,-0.3342951849070282,down,False,True,False,0.3614792319416127,False,-0.10878371870344239,-1.0,-1.0
2022-11-18,2022-11-21,1750.77,1750.63,-0.13999999999987267,-0.007996481548111554,down,True,True,False,-0.714599886897872,True,-0.35701433198334076,-1.0,-1.0
2022-11-25,2022-11-28,1755.45,1754.64,-0.8099999999999454,-0.04614201486797946,down,True,True,False,-0.742602471162187,True,-0.2479141020380271,-1.0,-1.0
2022-12-02,2022-12-05,1797.86,1797.06,-0.7999999999999545,-0.0444973468456918,down,True,True,False,-1.5803590308615107,True,0.5497868741166201,1.0,-1.0
2022-12-09,2022-12-12,1797.22,1796.44,-0.7799999999999727,-0.04340036278251815,down,False,False,True,-0.8327581216183138,True,-0.455901672196124,-1.0,-1.0
2022-12-16,2022-12-19,1793.01,1792.8,-0.21000000000003638,-0.011712148844682205,down,True,True,False,-0.29339580544399774,True,0.0942659526997014,1.0,-1.0
2023-01-06,2023-01-09,1865.89,1867.65,1.759999999999991,0.09432496020665691,up,False,False,True,0.2114957299279746,True,0.6141407651326425,1.0,1.0
2023-01-13,2023-01-16,1920.15,1919.8,-0.3500000000001364,-0.018227742624281246,down,True,True,False,-0.28596728825919415,True,0.44015001562662803,1.0,-1.0
2023-01-20,2023-01-23,1925.93,1925.81,-0.12000000000011823,-0.006230756050329879,down,True,True,False,0.28247854149682755,False,0.3079223807125331,1.0,-1.0
2023-01-27,2023-01-30,1928.23,1928.02,-0.21000000000003638,-0.0108908169668575,down,True,True,False,-0.25155340712232804,True,-0.08402402464704473,-1.0,-1.0
2023-02-03,2023-02-06,1865.66,1861.97,-3.6900000000000546,-0.19778523417986418,down,True,True,False,0.30290498772804464,False,0.6170883526587456,1.0,-1.0
2023-02-10,2023-02-13,1865.22,1864.66,-0.5599999999999454,-0.030023268032722435,down,True,True,False,-0.6001094033228607,True,-0.1710767646648792,-1.0,-1.0
2023-02-17,2023-02-20,1842.44,1840.87,-1.5700000000001637,-0.0852130869933438,down,True,True,False,0.023901742111070018,False,0.07387811197967498,1.0,-1.0
2023-02-24,2023-02-27,1810.69,1810.85,0.15999999999985448,0.008836410429165373,up,True,True,False,0.3456940110997593,True,0.05025264378606398,1.0,1.0
2023-03-03,2023-03-06,1855.22,1854.75,-0.4700000000000273,-0.025333922661464798,down,True,True,False,-0.42593341420677133,True,-0.05661140315406099,-1.0,-1.0
2023-03-10,2023-03-13,1867.04,1881.8,14.759999999999991,0.7905561744793893,up,False,False,True,1.679774683813377,True,-0.4649803379742745,-1.0,1.0
2023-03-17,2023-03-20,1988.08,1985.23,-2.849999999999909,-0.14335439217737259,down,True,True,False,-0.3238919419916112,True,-0.7888254761413083,-1.0,-1.0
2023-03-24,2023-03-27,1978.76,1976.73,-2.0299999999999727,-0.10258950049525828,down,True,True,False,-1.033019178137635,True,-0.11736554815275912,-1.0,-1.0
2023-03-31,2023-04-03,1969.36,1970.22,0.8600000000001273,0.043669009221276325,up,True,True,False,0.7110881018363426,True,-0.5090802042411524,-1.0,1.0
2023-04-14,2023-04-17,2004.26,1999.11,-5.150000000000091,-0.2569526907686673,down,True,True,False,-0.20609171081130562,True,0.20208993001886721,1.0,-1.0
2023-04-21,2023-04-24,1982.79,1981.45,-1.3399999999999181,-0.06758153914433289,down,True,True,False,0.38456685760427417,False,-0.09841277852078445,-1.0,-1.0
2023-04-28,2023-05-01,1989.38,1991.51,2.1299999999998818,0.10706853391508318,up,True,True,False,-0.4639695507429041,False,-0.48003776029243994,-1.0,1.0
2023-05-05,2023-05-08,2016.61,2015.91,-0.6999999999998181,-0.034711719172265246,down,True,True,False,0.26588488573398117,False,0.05059749691205262,1.0,-1.0
2023-05-12,2023-05-15,2010.88,2007.63,-3.25,-0.16162078294080204,down,True,True,False,0.4308562832792827,False,0.491624452712891,1.0,-1.0
2023-05-19,2023-05-22,1977.68,1977.61,-0.07000000000016371,-0.003539500829262758,down,True,True,False,-0.3074418110749808,True,0.13248314885139223,1.0,-1.0
2023-05-26,2023-05-29,1946.81,1942.18,-4.629999999999882,-0.23782495466942752,down,False,True,False,0.07723280025538312,False,0.05148853350358529,1.0,-1.0
2023-06-02,2023-06-05,1947.9,1946.99,-0.9100000000000819,-0.04671697725756362,down,True,True,False,0.7534707420171687,False,0.02568066605375119,1.0,-1.0
2023-06-09,2023-06-12,1960.61,1960.12,-0.4900000000000091,-0.02499222180851924,down,False,True,False,-0.1387670142644226,True,-0.21223190416912452,-1.0,-1.0
2023-06-16,2023-06-19,1957.41,1957.9,0.4900000000000091,0.02503307942638533,up,True,True,False,-0.4157515705602993,False,-0.09551049593953254,-1.0,1.0
2023-06-23,2023-06-26,1921.09,1925.18,4.0900000000001455,0.2128999682472006,up,False,False,True,-0.1070029815393975,False,0.008830343136745356,1.0,1.0
2023-06-30,2023-07-03,1919.3,1919.23,-0.06999999999993634,-0.003647163028184043,down,True,True,False,0.11202409299563319,False,-0.10264533172157364,-1.0,-1.0
2023-07-07,2023-07-10,1925.34,1924.5,-0.8399999999999181,-0.043628657795502,down,True,True,False,0.037931930371526014,False,0.01922577292803318,1.0,-1.0
2023-07-14,2023-07-17,1955.31,1954.92,-0.38999999999987267,-0.019945686361746866,down,True,True,False,0.0,False,-0.11918646287316648,-1.0,-1.0
2023-07-21,2023-07-24,1961.77,1961.82,0.049999999999954525,0.002548718759077493,up,True,True,False,-0.3675158781131825,False,-0.01936976888806674,-1.0,1.0
2023-07-28,2023-07-31,1959.17,1959.02,-0.15000000000009095,-0.007656303434622362,down,True,True,False,0.3246521219793635,False,-0.11587426366244102,-1.0,-1.0
2023-08-04,2023-08-07,1942.4,1942.41,0.009999999999990905,0.0005148270181214428,up,True,True,False,-0.31146874243852646,False,-0.004633419309008069,-1.0,1.0
2023-08-11,2023-08-14,1913.73,1913.02,-0.7100000000000364,-0.03710032240702902,down,True,True,False,-0.2906399305809634,True,-0.0805009879666696,-1.0,-1.0
2023-08-18,2023-08-21,1889.41,1889.58,0.16999999999984539,0.008997517743626074,up,True,True,False,0.2767810836270504,True,-0.21962552524898982,-1.0,1.0
2023-08-25,2023-08-28,1914.29,1915.11,0.8199999999999363,0.04283572499464221,up,True,True,False,0.26003728245375035,True,0.018797875840026457,1.0,1.0
2023-09-01,2023-09-04,1939.7,1940.33,0.6299999999998818,0.03247924936845294,up,True,True,False,-0.11492890384625389,False,0.13657470636438962,1.0,1.0
2023-09-08,2023-09-11,1918.99,1919.72,0.7300000000000182,0.0380408444025252,up,True,True,False,0.13283187131456434,True,0.13908278290584164,1.0,1.0
2023-09-15,2023-09-18,1923.67,1923.94,0.2699999999999818,0.01403567139893962,up,True,True,False,0.496896992629705,True,0.06237200744305671,1.0,1.0
2023-09-22,2023-09-25,1925.33,1924.99,-0.33999999999991815,-0.017659310351987357,down,True,True,False,-0.4742881781204115,True,-0.0690912680065825,-1.0,-1.0
2023-09-29,2023-10-02,1848.72,1846.43,-2.2899999999999636,-0.12386948807823595,down,True,True,False,-1.0143899308395128,True,-0.13647958492875034,-1.0,-1.0
2023-10-06,2023-10-09,1831.91,1848.26,16.34999999999991,0.8925110949773684,up,False,False,True,0.7022821464512579,True,0.034086113425613185,1.0,1.0
2023-10-13,2023-10-16,1932.22,1928.44,-3.7799999999999727,-0.19562989721667165,down,False,False,True,-0.43558523988301895,True,-0.4153616394598769,-1.0,-1.0
2023-10-20,2023-10-23,1980.77,1962.66,-18.1099999999999,-0.9142909070714874,down,False,True,False,0.5125696758480809,False,0.20125747709740516,1.0,-1.0
2023-10-27,2023-10-30,2006.11,2004.42,-1.6899999999998272,-0.0842426387386448,down,True,True,False,-0.4150826673052635,True,0.012971333353295478,1.0,-1.0
2023-11-03,2023-11-06,1992.5,1991.69,-0.8099999999999454,-0.040652446675028625,down,True,True,False,-0.6999081182312535,True,-0.2354784128052123,-1.0,-1.0
2023-11-10,2023-11-13,1938.26,1938.65,0.39000000000010004,0.02012113957880264,up,True,True,False,0.37964562969075905,True,-0.059835452505618836,-1.0,1.0
2023-11-17,2023-11-20,1980.59,1978.69,-1.8999999999998636,-0.09593101045647326,down,True,True,False,-0.04902233295766529,True,0.20872395372695252,1.0,-1.0
2023-11-24,2023-11-27,2002.25,2012.66,10.410000000000082,0.5199150955175469,up,True,True,False,0.06955968718014287,True,-0.06906283227172683,-1.0,1.0
2023-12-01,2023-12-04,2071.64,2072.35,0.7100000000000364,0.034272363924235695,up,True,True,False,-2.0913455738654148,False,0.7619369315028823,1.0,1.0
2023-12-08,2023-12-11,2004.27,2003.55,-0.7200000000000273,-0.03592330374650258,down,True,True,False,-1.0915624766040224,True,-0.2715180554515806,-1.0,-1.0
2023-12-15,2023-12-18,2019.42,2019.64,0.22000000000002728,0.010894217151460682,up,True,True,False,0.37184844823829943,True,0.10992057990530935,1.0,1.0
2024-01-05,2024-01-08,2045.35,2044.81,-0.5399999999999636,-0.026401349402301006,down,True,True,False,-0.8211031831808318,True,-0.17312121908636957,-1.0,-1.0
2024-01-12,2024-01-15,2048.94,2048.07,-0.8699999999998909,-0.042460979823708396,down,True,True,False,0.2739164188723858,False,0.40379479217018677,1.0,-1.0
2024-01-19,2024-01-22,2029.46,2029.8,0.33999999999991815,0.016753224995807663,up,True,True,False,-0.40644398462902753,False,-0.0024632968765425645,-1.0,1.0
2024-01-26,2024-01-29,2018.41,2024.31,5.899999999999864,0.29230929295831193,up,False,False,True,0.39816036081429945,True,0.053351512367183496,1.0,1.0
2024-02-02,2024-02-05,2039.5,2039.88,0.38000000000010914,0.018632017651390494,up,True,True,False,-0.7461223209208397,False,-0.316195070298253,-1.0,1.0
2024-02-09,2024-02-12,2024.26,2023.89,-0.36999999999989086,-0.01827828441010003,down,True,True,False,-0.19714510175948338,True,-0.07460879790898156,-1.0,-1.0
2024-02-16,2024-02-19,2013.34,2014.72,1.3800000000001091,0.06854281939464318,up,True,True,False,0.15684561626429885,True,0.37474189961881343,1.0,1.0
2024-02-23,2024-02-26,2035.48,2032.86,-2.6200000000001182,-0.1287165680822272,down,False,True,False,-0.08018259988390158,True,-0.09789164034906817,-1.0,-1.0
2024-03-01,2024-03-04,2083.01,2081.99,-1.0200000000004366,-0.048967599771505485,down,True,True,False,1.5523609623485304,False,-0.02737765311071616,-1.0,-1.0
2024-03-08,2024-03-11,2178.56,2180.74,2.1799999999998363,0.10006609870739554,up,True,True,False,0.0889606280436941,True,-0.025220796610314622,-1.0,1.0
2024-03-15,2024-03-18,2156.16,2155.97,-0.19000000000005457,-0.00881196200653266,down,True,True,False,0.18970579367988172,False,-0.17300797320927153,-1.0,-1.0
2024-03-22,2024-03-25,2165.35,2165.3,-0.04999999999972715,-0.0023090955272693633,down,True,True,False,0.28033067011498214,False,0.4530550039255399,1.0,-1.0
2024-04-05,2024-04-08,2329.49,2324.21,-5.279999999999745,-0.2266590541277166,down,False,True,False,0.6475318495316766,False,0.00344202976494401,1.0,-1.0
2024-04-12,2024-04-15,2344.05,2353.07,9.019999999999982,0.3848040784112959,up,False,True,False,1.2838547089546861,True,0.10709413659601985,1.0,1.0
2024-04-19,2024-04-22,2391.2,2388.95,-2.25,-0.09409501505520242,down,False,False,True,-2.616212143410285,True,-0.4579417735825153,-1.0,-1.0
2024-04-26,2024-04-29,2337.76,2335.82,-1.9400000000000546,-0.08298542194237452,down,True,True,False,-0.022690104545735546,True,-0.20720774717229995,-1.0,-1.0
2024-05-03,2024-05-06,2301.56,2304.02,2.4600000000000364,0.10688402648638473,up,True,True,False,0.8650098523450247,True,0.18532825235892947,1.0,1.0
2024-05-10,2024-05-13,2360.45,2362.7,2.25,0.09532080747315132,up,True,True,False,-1.1334490201887566,False,-0.1519448089050579,-1.0,1.0
2024-05-17,2024-05-20,2413.88,2418.41,4.529999999999745,0.18766467264320286,up,False,True,False,0.2782820117349837,True,0.6661401499332253,1.0,1.0
2024-05-24,2024-05-27,2333.77,2335.56,1.7899999999999636,0.07669993186989135,up,True,True,False,0.7792563667814261,True,0.17340594975081558,1.0,1.0
2024-05-31,2024-06-03,2327.23,2327.45,0.2199999999997999,0.009453298556644592,up,True,True,False,1.0006659648972036,True,0.13963780102688172,1.0,1.0
2024-06-07,2024-06-10,2293.88,2293.74,-0.14000000000032742,-0.006103196331121393,down,True,True,False,0.742019583736624,False,0.16697620480090603,1.0,-1.0
2024-06-14,2024-06-17,2332.73,2333.31,0.5799999999999272,0.024863571866436632,up,True,True,False,-0.6141489986328403,False,-0.30300303003030216,-1.0,1.0
2024-06-21,2024-06-24,2321.2,2321.67,0.47000000000025466,0.020248147509919642,up,True,True,False,0.5151464247718253,True,0.08442198934388578,1.0,1.0
2024-06-28,2024-07-01,2326.55,2325.44,-1.1100000000001273,-0.04771012873138884,down,True,True,False,0.2653261318288183,False,0.10363630108709554,1.0,-1.0
2024-07-05,2024-07-08,2391.43,2386.56,-4.869999999999891,-0.20364384489614545,down,False,False,True,-1.1715607401448125,True,-0.005028157683018009,-1.0,-1.0
2024-07-12,2024-07-15,2411.35,2413.07,1.7200000000002547,0.07132933833745639,up,True,True,False,0.3754553328332765,True,-0.12971028606713064,-1.0,1.0
2024-07-19,2024-07-22,2400.36,2400.81,0.4499999999998181,0.018747187921804152,up,False,True,False,-0.17868969222887124,False,0.23242155772427164,1.0,1.0
2024-07-26,2024-07-29,2387.04,2388.22,1.1799999999998363,0.04943360815067348,up,True,True,False,-0.18674996440862157,False,0.19009973955499415,1.0,1.0
2024-08-02,2024-08-05,2441.79,2447.6,5.809999999999945,0.23794019960766263,up,True,True,False,-1.5639810426540182,False,-0.3362477529007979,-1.0,1.0
2024-08-09,2024-08-12,2430.78,2429.9,-0.8800000000001091,-0.03620237125532171,down,True,True,False,1.7441046956664925,False,-0.16132351125560662,-1.0,-1.0
2024-08-16,2024-08-19,2507.71,2509.36,1.650000000000091,0.06579708179973326,up,True,True,False,-0.2096152006886305,False,-0.4443364045015552,-1.0,1.0
2024-08-23,2024-08-26,2512.37,2507.35,-5.019999999999982,-0.19981133352173375,down,True,True,False,0.43033481564201104,False,0.23690350369913737,1.0,-1.0
2024-08-30,2024-09-02,2503.24,2504.49,1.25,0.04993528387210176,up,True,True,False,-0.1856665428889569,False,-0.26312742314801296,-1.0,1.0
2024-09-06,2024-09-09,2497.45,2496.97,-0.4800000000000182,-0.01921960399607673,down,True,True,False,0.36444170334446807,False,0.03083737489837368,1.0,-1.0
2024-09-13,2024-09-16,2578.94,2578.47,-0.47000000000025466,-0.01822454186604786,down,True,True,False,0.16676556252351907,False,0.12371677777907042,1.0,-1.0
2024-09-20,2024-09-23,2622.13,2621.14,-0.9900000000002365,-0.03775556513217256,down,False,True,False,0.27278207192290727,False,-0.040440419054299515,-1.0,-1.0
2024-09-27,2024-09-30,2658.23,2658.85,0.6199999999998909,0.023323790642641562,up,True,True,False,-0.9033980856385272,False,-0.2331835191906162,-1.0,1.0
2024-10-04,2024-10-07,2653.54,2652.65,-0.8899999999998727,-0.03354010114789574,down,False,True,False,-0.3815052871656604,True,-0.24503798088704176,-1.0,-1.0
2024-10-11,2024-10-14,2656.89,2655.59,-1.2999999999997272,-0.04892938736642191,down,False,True,False,-0.25531049597265393,True,-0.3599953306045012,-1.0,-1.0
2024-10-18,2024-10-21,2721.64,2719.41,-2.230000000000018,-0.08193589159477442,down,True,True,False,0.01507679974701532,False,0.2533637811142908,1.0,-1.0
2024-10-25,2024-10-28,2746.92,2738.84,-8.079999999999927,-0.29414762716059906,down,False,False,True,0.12523550116106952,False,-0.23878722378817274,-1.0,-1.0
2024-11-01,2024-11-04,2736.55,2737.62,1.069999999999709,0.039100327054126874,up,True,True,False,-0.04383369496131012,False,0.08255345884382592,1.0,1.0
2024-11-08,2024-11-11,2684.63,2681.64,-2.9900000000002365,-0.11137475182800745,down,True,True,False,-2.31462836174877,True,-0.3624647603705067,-1.0,-1.0
2024-11-15,2024-11-18,2563.01,2565.31,2.299999999999727,0.08973823746297233,up,False,False,True,1.8071889947023998,True,1.0018282390822364,1.0,1.0
2024-11-22,2024-11-25,2715.48,2714.97,-0.5100000000002183,-0.018781209951839756,down,True,True,False,-3.293222392880948,True,-0.7292898264069092,-1.0,-1.0
2024-11-29,2024-12-02,2655.25,2652.0,-3.25,-0.12239902080783352,down,False,False,True,-0.49849170437404977,True,-0.9513574660633517,-1.0,-1.0
2024-12-06,2024-12-09,2633.05,2641.12,8.069999999999709,0.3064886728318759,up,True,True,False,0.7277215726661513,True,0.18628460653056234,1.0,1.0
2024-12-13,2024-12-16,2648.32,2649.84,1.5199999999999818,0.057394876752053445,up,True,True,False,0.11396914530688576,True,0.07736316154935974,1.0,1.0
2024-12-20,2024-12-23,2622.8,2620.49,-2.3100000000004,-0.0880738142443343,down,True,True,False,-0.2743761662894955,True,0.20950280291092138,1.0,-1.0
2024-12-27,2024-12-30,2622.12,2619.78,-2.3399999999996908,-0.08924076701293956,down,True,True,False,-0.5156921573567329,True,0.1549748452160049,1.0,-1.0
2025-01-03,2025-01-06,2639.61,2642.96,3.349999999999909,0.12691268785918786,up,True,True,False,-0.2762054665980636,False,0.05448436601387385,1.0,1.0
2025-01-10,2025-01-13,2689.92,2689.71,-0.21000000000003638,-0.007806923625982795,down,True,True,False,-0.9703648348706705,True,-0.04535804975258628,-1.0,-1.0
2025-01-17,2025-01-20,2703.2,2704.79,1.5900000000001455,0.05881917727138745,up,True,True,False,0.15343150484880863,True,-0.2702612772155999,-1.0,1.0
2025-01-24,2025-01-27,2770.93,2770.11,-0.819999999999709,-0.029592952546607418,down,True,True,False,-1.067105638404249,True,-0.5035901101400397,-1.0,-1.0
2025-01-31,2025-02-03,2798.78,2800.89,2.1099999999996726,0.07538999135336369,up,True,True,False,0.4909153876089386,True,-0.817597263726888,-1.0,1.0
2025-02-07,2025-02-10,2860.93,2856.44,-4.489999999999782,-0.1569419734142318,down,True,True,False,1.8078447298035272,False,0.6056489896514528,1.0,-1.0
2025-02-14,2025-02-17,2882.78,2886.41,3.6299999999996544,0.12592011877422676,up,True,True,False,0.38663945870476857,True,0.4444967970593128,1.0,1.0
2025-02-21,2025-02-24,2936.35,2934.31,-2.0399999999999636,-0.06947400684523179,down,True,True,False,0.6229743960249667,False,0.22049476708323468,1.0,-1.0
2025-02-28,2025-03-03,2858.05,2860.52,2.4699999999998,0.08642256083692726,up,False,False,True,1.1588802035993488,True,0.26428761204255746,1.0,1.0
2025-03-07,2025-03-10,2911.19,2912.34,1.150000000000091,0.0395027462996263,up,True,True,False,-0.7983271183996374,False,-0.008584162563440856,-1.0,1.0
2025-03-14,2025-03-17,2986.0,2984.72,-1.2800000000002,-0.04286671131949766,down,True,True,False,0.5608566297676244,False,0.20437427966444321,1.0,-1.0
2025-03-21,2025-03-24,3023.31,3024.03,0.7200000000002547,0.02381495777807286,up,True,True,False,-0.4024430974560462,False,-0.10648042512806377,-1.0,1.0
2025-03-28,2025-03-31,3085.18,3088.17,2.9900000000002365,0.09691492878860347,up,True,True,False,1.1592626053617427,True,0.2146902534510664,1.0,1.0
2025-04-04,2025-04-07,3038.71,3028.17,-10.539999999999964,-0.3468577126478,down,True,True,False,-1.5058599748362842,True,0.3338650075788374,1.0,-1.0
2025-04-11,2025-04-14,3237.83,3219.87,-17.960000000000036,-0.5546924946646377,down,True,True,False,-0.29473239602840434,True,0.6155528018211953,1.0,-1.0
2025-04-25,2025-04-28,3319.05,3324.32,5.269999999999982,0.15878037390217023,up,True,True,False,0.5944072772777519,True,-1.3022212061414074,-1.0,1.0
2025-05-02,2025-05-05,3241.05,3239.01,-2.0399999999999636,-0.06294256490951894,down,True,True,False,2.932994958336035,False,0.7903649571937121,1.0,-1.0
2025-05-09,2025-05-12,3326.56,3275.75,-50.809999999999945,-1.5274036842864684,down,False,False,True,-1.2665801724795782,True,-0.11753033656414225,-1.0,-1.0
2025-05-16,2025-05-19,3202.27,3218.36,16.090000000000146,0.5024560702251886,up,False,False,True,0.37441429796541487,True,-0.0003107172597327512,-1.0,1.0
2025-05-23,2025-05-26,3356.21,3356.52,0.30999999999994543,0.009236609151392357,up,True,True,False,-0.4322929700999774,False,-0.34410639591005987,-1.0,1.0
2025-05-30,2025-06-02,3289.52,3297.88,8.360000000000127,0.2541404217028663,up,False,False,True,2.5373876550996344,True,0.17526410906398837,1.0,1.0
2025-06-06,2025-06-09,3311.68,3312.76,1.080000000000382,0.03261184655523426,up,True,True,False,0.38789408227580346,True,-0.5077337325975928,-1.0,1.0
2025-06-13,2025-06-16,3433.47,3451.85,18.38000000000011,0.5353184970307039,up,True,True,False,-1.9409881657661836,False,-0.2995495169257012,-1.0,1.0
2025-06-20,2025-06-23,3368.52,3378.72,10.199999999999818,0.3028036051440935,up,True,True,False,-0.30100156272196626,False,-0.6970095183974956,-1.0,1.0
2025-06-27,2025-06-30,3274.52,3272.47,-2.050000000000182,-0.06260459548270225,down,True,True,False,0.9393516212524557,False,0.04308672042832029,1.0,-1.0
2025-07-04,2025-07-07,3337.22,3335.06,-2.1599999999998545,-0.06472453119662037,down,True,True,False,0.043477478666059166,False,-0.5556121928840807,-1.0,-1.0
2025-07-11,2025-07-14,3355.12,3364.19,9.070000000000164,0.2703331028398437,up,False,True,False,-0.6438399733665415,False,-0.16527009473304988,-1.0,1.0
2025-07-18,2025-07-21,3350.39,3349.16,-1.2300000000000182,-0.036712143959360496,down,True,True,False,1.4439441531607966,False,0.21826368402824148,1.0,-1.0
2025-07-25,2025-07-28,3336.72,3320.52,-16.199999999999818,-0.48550672516722465,down,True,True,False,-0.17286449110379642,True,0.3448255092575847,1.0,-1.0
2025-08-01,2025-08-04,3363.03,3362.92,-0.11000000000012733,-0.00327085990907388,down,True,True,False,0.32085211661294244,False,-0.3187705922234274,-1.0,-1.0
2025-08-08,2025-08-11,3398.57,3398.84,0.2699999999999818,0.007944517841326847,up,True,True,False,-1.6526226594955946,False,-0.6258017441244657,-1.0,1.0
2025-08-15,2025-08-18,3335.14,3335.49,0.34999999999990905,0.010494312082848367,up,True,True,False,-0.08364588111491755,False,0.3405796449697185,1.0,1.0
2025-08-22,2025-08-25,3372.34,3371.36,-0.9800000000000182,-0.02905994057538736,down,False,True,False,-0.16847800294244136,True,-0.2509373071994725,-1.0,-1.0
2025-08-29,2025-09-01,3448.06,3448.42,0.36000000000012733,0.010440653584918108,up,True,True,False,0.8110960961831738,True,0.25721924823542963,1.0,1.0
2025-09-05,2025-09-08,3586.59,3581.98,-4.610000000000127,-0.12853434599438818,down,True,True,False,1.4885621918603722,False,0.21049810440036953,1.0,-1.0
2025-09-12,2025-09-15,3643.58,3642.59,-0.9899999999997817,-0.02717107899373094,down,True,True,False,0.9973672579126371,False,-0.22319283806302437,-1.0,-1.0
2025-09-19,2025-09-22,3685.0,3685.08,0.07999999999992724,0.0021709633649912414,up,True,True,False,1.6811032596307347,True,0.11478719593605025,1.0,1.0
2025-09-26,2025-09-29,3761.13,3759.14,-1.9900000000002365,-0.05290963088221455,down,True,True,False,1.98715663689036,False,0.5187356682645472,1.0,-1.0
2025-10-03,2025-10-06,3887.01,3887.8,0.7899999999999636,0.020324105160520904,up,True,True,False,1.8848706209167072,True,0.7757600699624501,1.0,1.0
2025-10-10,2025-10-13,4010.43,4013.02,2.5900000000001455,0.06458160346895833,up,True,True,False,2.4500251680779104,True,0.9987490717713765,1.0,1.0
2025-10-17,2025-10-20,4247.02,4253.44,6.419999999999163,0.15116481674207238,up,True,True,False,2.411695004514013,True,0.2125338549503475,1.0,1.0
2025-10-24,2025-10-27,4113.17,4078.88,-34.289999999999964,-0.8336635733509669,down,False,False,True,-2.362168046130308,True,0.07428509786999715,1.0,-1.0
2025-10-31,2025-11-03,4003.68,3984.9,-18.779999999999745,-0.4690684570195357,down,True,True,False,0.3899721448467957,False,0.4850811814600009,1.0,-1.0
2025-11-07,2025-11-10,4001.39,3999.79,-1.599999999999909,-0.0399861048285698,down,True,True,False,2.895902034856828,False,1.2103135414609278,1.0,-1.0
2025-11-14,2025-11-17,4085.08,4083.31,-1.7699999999999818,-0.04332840482928074,down,True,True,False,-0.9222909845199081,True,-0.03600020571545848,-1.0,-1.0
2025-11-21,2025-11-24,4065.9,4069.26,3.3600000000001273,0.08263853021471573,up,True,True,False,1.5914441446356393,True,-0.6291070120857389,-1.0,1.0
2025-11-28,2025-12-01,4217.83,4230.21,12.38000000000011,0.2935158600512612,up,True,True,False,0.04136910460709988,True,0.3018762661900931,1.0,1.0
2025-12-05,2025-12-08,4196.1,4196.78,0.6799999999993815,0.016205524177197433,up,True,True,False,-0.14725575322031134,False,0.2771172184389048,1.0,1.0
2025-12-12,2025-12-15,4300.38,4295.87,-4.510000000000218,-0.1048744529553253,down,True,True,False,0.22509992155256264,False,0.7118464944237068,1.0,-1.0
2025-12-19,2025-12-22,4338.6,4338.85,0.25,0.005762227446641773,up,True,True,False,2.41630846883389,True,1.084849672148147,1.0,1.0
2025-12-26,2025-12-29,4532.01,4549.08,17.06999999999971,0.37665406740055096,up,True,True,False,-4.784483895644826,False,-0.8036789856410431,-1.0,1.0
2026-01-02,2026-01-05,4333.06,4353.93,20.86999999999989,0.4816457653482733,up,False,False,True,2.1812477462889697,True,1.184676832195275,1.0,1.0
2026-01-09,2026-01-12,4509.93,4523.05,13.11999999999989,0.2909136061978765,up,False,False,True,1.6323056344723124,True,1.2042758757917937,1.0,1.0
2026-01-16,2026-01-19,4595.6,4636.44,40.839999999999236,0.8886761249891033,up,False,False,True,0.740438784929835,True,0.56012802926384,1.0,1.0
2026-01-23,2026-01-26,4986.17,5002.66,16.48999999999978,0.3307147570179072,up,False,False,True,0.11773736372250618,True,1.5637680753838978,1.0,1.0
2026-01-30,2026-02-02,4883.48,4792.07,-91.40999999999985,-1.8718209145936888,down,True,True,False,-2.8008772826774098,True,-1.689040435552891,-1.0,-1.0
2026-02-06,2026-02-09,4964.87,4985.58,20.710000000000036,0.41713076072485356,up,False,False,True,1.5035361983961752,True,0.4352552762165951,1.0,1.0
2026-02-13,2026-02-16,5043.02,5035.43,-7.5900000000001455,-0.15050505451099033,down,False,False,True,-0.8321037130890617,True,-0.8066838383216535,-1.0,-1.0
2026-02-20,2026-02-23,5104.05,5108.41,4.359999999999673,0.08542236067436002,up,False,False,True,2.337126424856273,True,1.2796545304703422,1.0,1.0
2026-02-27,2026-03-02,5280.34,5316.19,35.849999999999454,0.6789335535211645,up,False,True,False,0.11850592247455757,True,0.5720262067383075,1.0,1.0
2026-03-06,2026-03-09,5171.51,5191.31,19.800000000000182,0.3828668996095953,up,True,True,False,-1.0386588356310849,False,-2.332551899231605,-1.0,1.0
2026-03-13,2026-03-16,5021.74,5012.28,-9.460000000000036,-0.18838091976088042,down,True,True,False,-0.11671335200745876,True,0.07621282131087259,1.0,-1.0
2026-03-20,2026-03-23,4497.67,4487.72,-9.949999999999818,-0.22122565684009315,down,True,True,False,-1.8084907258028544,True,-2.232982449885468,-1.0,-1.0
2026-03-27,2026-03-30,4495.43,4486.56,-8.86999999999989,-0.19731149189287545,down,True,True,False,0.5474127170928169,False,-0.36999393744874265,-1.0,-1.0
2026-04-10,2026-04-13,4749.31,4670.32,-78.99000000000069,-1.6631889685028072,down,False,True,False,1.5153137258260772,False,1.0909316706350092,1.0,-1.0
2026-04-17,2026-04-20,4834.11,4766.67,-67.4399999999996,-1.3950861689121596,down,False,False,True,1.1339152909683319,False,0.8651742201578827,1.0,-1.0
2026-04-24,2026-04-27,4708.37,4693.02,-15.349999999999454,-0.3260151602359087,down,True,True,False,-0.2778594593673343,True,0.20498527600563143,1.0,-1.0
2026-05-01,2026-05-04,4616.51,4620.59,4.079999999999927,0.08837845038784552,up,True,True,False,-2.1029781910968093,False,-0.16318262386405546,-1.0,1.0
